Country ID,Country,"Time Series - Total CH4 Emissions, in 1000 tonnes of CO₂ equivalent",,,,,,,,,,,,,,,,,,,,,,,,,,,,,,"CH4 emissions, latest year",% change since 1990,"CH4 emissions 
per capita, 
latest year"
,,1990,1991,1992,1993,1994,1995,1996,1997,1998,1999,2000,2001,2002,2003,2004,2005,2006,2007,2008,2009,2010,2011,2012,2013,2014,2015,2016,2017,2018,Latest Year,"1000 tonnes of 
CO2 equivalent",%,kg
4,Afghanistan,...,...,...,...,...,...,...,...,...,...,...,...,...,...,...,"10,163.18",...,...,...,...,...,...,...,"13,916.00",...,...,...,...,...,2013,13916.00,...,0.431
8,Albania,"1,143.87","1,183.56","1,161.72","1,256.43","1,309.77","1,313.34","1,573.32","1,602.93","1,617.21","1,747.62","2,155.55","2,115.88","2,072.43","2,097.86","2,135.68","2,062.83","2,121.02","2,038.51","1,927.65","1,984.17",...,...,...,...,...,...,...,...,...,2009,1984.17,73.46,0.667
12,Algeria,...,...,...,...,"18,753.00",...,...,...,...,...,"32,922.13",...,...,...,...,...,...,...,...,...,...,...,...,...,...,...,...,...,...,2000,32922.13,...,1.061
24,Angola,...,...,...,...,...,...,...,...,...,...,"15,931.23",...,...,...,...,"19,932.36",...,...,...,...,...,...,...,...,...,...,...,...,...,2005,19932.36,...,1.026
28,Antigua and Barbuda,98.91,...,...,...,...,...,...,...,...,...,142.17,...,...,...,...,...,...,...,...,...,...,...,...,...,...,...,...,...,...,2000,142.17,43.74,1.870
32,Argentina,"76,790.20",...,...,...,"82,725.07",...,...,"82,099.27",...,...,"84,849.65",...,...,...,...,...,...,...,...,...,"75,074.92",...,"77,139.66",...,...,...,...,...,...,2012,77139.66,0.46,1.847
51,Armenia,"3,169.30",...,...,...,...,...,...,...,...,...,"1,845.52",...,...,...,...,...,"2,164.76",...,...,...,"2,261.11",...,...,...,...,...,...,...,...,2010,2261.11,-28.66,0.786
36,Australia,"4,975.33","4,972.35","4,949.66","4,804.72","4,673.40","4,606.33","4,614.23","4,727.96","4,686.15","4,520.94","4,667.97","4,611.97","4,540.30","4,322.55","4,408.02","4,476.36","4,453.77","4,442.61","4,374.14","4,335.54","4,250.36","4,331.16","4,316.28","4,288.74","4,202.84","4,214.75","4,234.96","4,326.83","4,381.29",2018,4381.29,-11.94,0.176
40,Austria,415.66,410.66,399.27,395.90,384.30,381.22,369.11,357.02,349.83,342.59,335.72,329.39,323.74,321.21,321.35,312.00,308.01,303.81,298.78,295.73,292.35,284.34,280.27,276.28,271.10,268.08,265.70,265.04,257.55,2018,257.55,-38.04,0.029
31,Azerbaijan,"13,459.35","12,482.40","10,730.37","9,874.62","9,233.28","9,617.79","9,042.81","8,867.46","8,525.16","8,874.81","8,839.66","9,598.47","9,598.26","9,691.50","9,846.27","10,393.96","11,375.38","13,804.20","17,617.60","17,263.73","17,474.25","17,081.08","17,593.80","15,997.72",...,...,...,...,...,2013,15997.72,18.86,1.705
44,Bahamas,21.00,...,...,...,21.00,...,...,...,...,...,25.62,...,...,...,...,...,...,...,...,...,...,...,...,...,...,...,...,...,...,2000,25.62,22.02,0.086
48,Bahrain,...,...,...,...,"2,945.04",...,...,...,...,...,"3,906.00",...,...,...,...,...,...,...,...,...,...,...,...,...,...,...,...,...,...,2000,3906.00,...,5.877
50,Bangladesh,...,...,...,...,"25,007.66",...,...,...,...,...,...,"35,343.84",...,...,...,"39,465.30",...,...,...,...,...,...,...,...,...,...,...,...,...,2005,39465.30,...,0.284
52,Barbados,"1,662.57",...,...,...,"1,787.52",...,...,"1,808.52",...,...,...,...,...,...,...,...,...,...,...,...,...,...,...,...,...,...,...,...,...,1997,1808.52,8.78,6.744
112,Belarus,698.34,655.49,604.63,572.36,542.35,514.64,512.32,515.41,515.03,496.99,491.45,488.87,485.89,491.66,523.38,513.08,530.11,540.27,578.91,583.15,606.03,601.63,614.64,631.09,634.15,639.95,631.36,637.26,643.90,2018,643.90,-7.80,0.068
56,Belgium,488.61,487.15,483.97,481.86,483.68,486.72,480.39,475.92,469.24,458.90,441.10,423.07,405.60,382.76,380.69,370.83,366.77,364.37,356.44,353.84,351.77,341.23,335.69,329.47,324.76,325.09,324.05,317.28,313.95,2018,313.95,-35.75,0.027
84,Belize,...,...,...,...,"5,565.82",...,...,...,...,...,141.54,...,...,191.24,...,...,230.04,...,...,261.72,...,...,...,...,...,...,...,...,...,2009,261.72,...,0.832
204,Benin,...,...,...,...,...,"38,015.11",...,...,...,...,"2,323.65",...,...,...,...,...,...,...,...,...,...,...,...,...,...,...,...,...,...,2000,2323.65,...,0.338
64,Bhutan,...,...,...,...,403.83,...,...,...,...,...,592.83,...,...,...,...,...,...,...,...,...,...,...,...,...,...,...,...,...,...,2000,592.83,...,1.003
68,Bolivia (Plurinational State of),"9,351.72",...,...,...,"11,673.69",...,...,...,"12,288.78",...,"12,764.85",...,"11,024.09",...,"11,973.06",...,...,...,...,...,...,...,...,...,...,...,...,...,...,2004,11973.06,28.03,1.320
70,Bosnia and Herzegovina,"4,454.52","4,345.53","3,037.02","1,053.99","1,195.11","1,380.75","1,865.64","2,080.26","2,278.92","2,368.80","2,382.45","2,418.78",...,...,...,...,...,...,...,...,...,...,...,"2,751.00","2,478.00",...,...,...,...,2014,2478.00,-44.37,0.712
72,Botswana,...,...,...,...,"4,238.68",...,...,...,...,...,"2,160.54",...,...,...,...,...,...,...,...,...,...,...,...,...,...,"4,067.23",...,...,...,2015,4067.23,...,1.918
76,Brazil,"2,32,927.80","2,40,124.50","2,44,379.10","2,45,527.80","2,50,443.90","2,55,393.60","2,49,784.50","2,54,480.10","2,57,447.40","2,62,161.90","2,69,304.00","2,78,665.80","2,88,575.70","3,01,723.80","3,14,638.80","3,21,060.60","3,20,077.80","3,08,441.70","3,14,244.00","3,20,331.90","3,26,474.40","3,34,055.40","3,31,947.00","3,38,570.40","3,41,751.90","3,46,019.10",...,...,...,2015,346019.10,48.55,1.692
96,Brunei Darussalam,...,...,...,...,...,...,...,...,...,...,...,...,...,...,...,...,...,...,...,...,"3,490.94",...,...,...,...,...,...,...,...,2010,3490.94,...,8.983
100,Bulgaria,637.47,597.88,586.45,543.91,468.14,469.77,466.13,453.01,429.16,408.73,402.75,373.07,378.39,395.94,371.25,352.36,340.08,336.28,327.22,315.08,313.77,322.25,307.45,302.59,298.39,298.02,288.53,280.05,270.15,2018,270.15,-57.62,0.038
854,Burkina Faso,...,...,...,...,"4,700.44",...,...,...,...,...,...,...,...,...,...,...,...,"10,080.00",...,...,...,...,...,...,...,...,...,...,...,2007,10080.00,...,0.707
108,Burundi,...,...,...,...,...,...,...,...,943.02,...,...,...,...,...,...,"1,044.30",...,...,...,...,"1,412.40",...,...,...,...,"1,162.67",...,...,...,2015,1162.67,...,0.114
132,Cabo Verde,...,...,...,...,...,68.96,...,...,...,...,68.86,...,...,...,...,...,...,...,...,...,...,...,...,...,...,...,...,...,...,2000,68.86,...,0.161
116,Cambodia,...,...,...,...,"7,773.36",...,...,...,...,...,"19,192.11",...,...,...,...,...,...,...,...,...,...,...,...,...,...,...,...,...,...,2000,19192.11,...,1.579
120,Cameroon,...,...,...,...,"17,709.34",...,...,...,...,...,"9,828.00",...,...,...,...,...,...,...,...,...,...,...,...,...,...,...,...,...,...,2000,9828.00,...,0.633
124,Canada,"3,619.40","3,688.93","3,861.38","3,995.66","4,148.95","4,305.69","4,449.18","4,389.49","4,418.90","4,461.96","4,480.97","4,406.15","4,332.99","4,271.45","4,283.64","4,229.49","4,189.23","4,123.71","4,007.63","3,756.88","3,662.37","3,655.47","3,762.42","3,820.09","3,891.10","3,821.70","3,700.29","3,675.72","3,656.96",2018,3656.96,1.04,0.099
140,Central African Republic,...,...,...,...,"11,881.80",...,...,...,...,...,...,...,...,"29,460.61","29,460.65","29,460.67","9,451.26","9,451.28","9,451.58","4,870.07","4,869.75",...,...,...,...,...,...,...,...,2010,4869.75,...,1.110
148,Chad,...,...,...,"6,937.60",...,...,...,...,"6,033.09","6,149.43","6,250.86","6,370.98","6,498.24","6,686.40",...,...,...,...,...,...,...,...,...,...,...,...,...,...,...,2003,6686.40,...,0.713
152,Chile,"10,831.80",...,...,"8,084.16","11,258.10",...,...,...,...,...,"12,282.90",...,...,...,...,...,"10,929.53",...,...,...,"11,245.50",...,...,"11,949.00",...,...,"11,705.40",...,...,2016,11705.40,8.07,0.643
156,China,...,...,...,...,"7,20,027.00",...,...,...,...,...,...,...,...,...,...,"10,09,000.00",...,...,...,...,"11,26,692.00",...,"11,73,900.00",...,"11,24,970.00",...,...,...,...,2014,1124970.00,...,0.804
170,Colombia,"44,386.44",...,...,...,"48,220.62",...,...,...,...,...,"49,088.34",...,...,...,"53,873.61",...,...,...,...,...,...,...,...,...,...,...,...,...,...,2004,53873.61,21.37,1.280
174,Comoros,...,...,...,...,55.44,...,...,...,...,...,55.77,...,...,...,...,...,...,...,...,...,...,...,...,...,...,...,...,...,...,2000,55.77,...,0.103
178,Congo,...,...,...,...,583.19,...,...,...,...,...,501.48,...,...,...,...,...,...,...,...,...,...,...,...,...,...,...,...,...,...,2000,501.48,...,0.160
184,Cook Islands,...,...,...,...,10.59,...,...,...,...,...,...,...,...,...,...,...,...,...,...,...,...,...,...,...,...,...,...,...,...,1994,10.59,...,0.555
188,Costa Rica,"3,157.23",...,...,...,...,...,"3,688.44",...,...,...,"3,363.51",...,...,...,...,"3,532.64",...,...,...,...,...,...,...,...,...,...,...,...,...,2005,3532.64,11.89,0.824
384,Côte d’Ivoire,...,...,...,...,"18,680.73",...,...,...,...,...,"25,147.50",...,...,...,...,...,...,...,...,...,...,...,...,...,...,...,...,...,...,2000,25147.50,...,1.528
191,Croatia,175.30,169.40,151.04,147.78,140.51,138.85,137.57,136.77,136.06,138.84,137.03,140.35,141.08,148.28,152.47,153.32,158.80,159.78,159.63,162.78,165.81,163.81,161.94,152.49,154.18,157.86,163.40,162.76,155.55,2018,155.55,-11.27,0.037
192,Cuba,"7,318.71",...,"7,317.66",...,"7,194.39",...,"7,393.26",...,"7,450.17",...,"7,682.01",...,"8,365.14",...,...,...,...,...,...,...,...,...,...,...,...,...,...,...,...,2002,8365.14,14.30,0.747
196,Cyprus,26.46,26.92,27.65,28.63,29.16,30.00,30.68,30.85,30.91,31.04,31.70,32.97,33.94,33.61,33.42,32.74,32.81,32.94,32.87,32.96,33.28,33.48,33.06,32.82,32.83,33.30,34.33,35.01,35.38,2018,35.38,33.73,0.030
203,Czechia,941.12,878.39,824.93,788.63,743.93,726.98,721.07,704.73,677.30,648.15,615.14,605.39,588.52,588.97,572.12,587.01,596.32,578.92,583.78,569.83,577.84,579.12,578.42,555.19,555.14,557.76,539.15,531.21,526.20,2018,526.20,-44.09,0.049
408,Democratic People's Republic of Korea,"24,801.00",...,...,...,"19,530.00",...,...,...,...,...,"12,222.00",...,"12,621.00",...,...,...,...,...,...,...,...,...,...,...,...,...,...,...,...,2002,12621.00,-49.11,0.541
180,Democratic Republic of the Congo,...,...,...,...,"40,636.68",...,...,...,...,"36,729.00","37,498.86","36,896.58","36,991.71","37,293.48",...,...,...,...,...,...,...,...,...,...,...,...,...,...,...,2003,37293.48,...,0.725
208,Denmark,317.68,325.07,327.85,335.45,330.66,333.56,337.91,333.13,335.23,330.81,327.80,337.42,334.95,335.94,328.77,319.17,315.00,314.02,309.37,304.15,306.70,300.33,296.03,292.34,290.98,288.05,290.12,291.22,294.74,2018,294.74,-7.22,0.051
262,Djibouti,...,...,...,...,236.04,...,...,...,...,...,280.29,...,...,...,...,...,...,...,...,...,...,...,...,...,...,...,...,...,...,2000,280.29,...,0.391
212,Dominica,...,...,...,...,62.58,...,...,...,...,...,31.65,32.97,32.76,32.55,32.76,32.76,47.97,48.30,49.14,48.30,48.55,54.05,50.06,49.85,50.06,50.08,50.04,52.34,...,2017,52.34,...,0.732
214,Dominican Republic,"3,039.75",...,...,...,"4,659.96",...,...,...,"4,506.18",...,"4,836.51",...,...,...,...,...,...,...,...,...,"9,174.71",...,...,...,...,...,...,...,...,2010,9174.71,201.82,0.946
218,Ecuador,"13,048.77",...,...,...,...,...,...,...,...,...,...,...,...,...,...,...,...,...,...,...,"11,507.76",...,"11,724.49",...,...,...,...,...,...,2012,11724.49,-10.15,0.758
818,Egypt,"22,174.74",...,...,...,...,...,...,...,...,...,"39,433.97",...,...,...,...,"42,316.30",...,...,...,...,...,...,...,...,...,...,...,...,...,2005,42316.30,90.83,0.560
222,El Salvador,...,...,...,...,"3,107.58",...,...,...,...,...,...,...,...,...,...,"3,360.63",...,...,...,...,...,...,...,...,...,...,...,...,...,2005,3360.63,...,0.555
232,Eritrea,...,...,...,...,"1,581.72",81.27,100.17,122.85,132.72,143.22,"3,003.00",...,...,...,...,...,...,...,...,...,...,...,...,...,...,...,...,...,...,2000,3003.00,...,1.310
233,Estonia,76.05,72.91,63.26,53.74,52.06,50.48,51.02,53.17,51.52,47.97,49.52,50.92,49.18,49.28,50.00,48.71,48.25,48.90,48.29,48.91,49.75,48.03,48.73,48.65,47.25,45.87,45.01,45.18,44.70,2018,44.70,-41.23,0.034
748,Eswatini,...,...,...,...,"1,347.49",...,...,...,...,...,...,...,...,...,...,...,...,...,...,...,...,...,...,...,...,...,...,...,...,1994,1347.49,...,1.485
231,Ethiopia,"37,611.00","38,388.00","36,960.00","37,044.00","31,031.45","31,900.99","33,132.65","49,490.20","49,979.51","49,944.17","48,738.06","50,759.53","55,860.72","55,368.63","56,312.18","45,262.61","46,975.78","52,187.45","53,239.45","55,062.21","57,701.18","59,920.81","60,327.04","60,729.02",...,...,...,...,...,2013,60729.02,61.47,0.637
242,Fiji,...,...,...,...,542.43,...,...,...,...,...,...,...,...,...,514.82,...,...,...,...,...,...,...,...,...,...,...,...,...,...,2004,514.82,...,0.629
246,Finland,307.38,306.66,304.68,306.29,305.10,296.80,293.66,290.36,279.70,272.77,262.45,257.05,248.11,239.88,232.53,222.59,225.54,220.25,214.53,211.87,214.20,207.33,205.13,199.58,195.69,194.26,189.13,184.21,181.63,2018,181.63,-40.91,0.033
250,France,"2,795.09","2,823.37","2,816.39","2,831.38","2,835.49","2,859.52","2,828.41","2,784.27","2,788.83","2,791.13","2,805.91","2,800.60","2,732.62","2,689.28","2,629.92","2,586.11","2,556.80","2,539.77","2,541.92","2,498.27","2,487.89","2,440.25","2,387.05","2,366.43","2,359.48","2,332.34","2,309.89","2,295.16","2,260.00",2018,2260.00,-19.14,0.035
266,Gabon,...,...,...,...,"1,167.37",...,...,...,...,...,710.43,...,...,...,...,...,...,...,...,...,...,...,...,...,...,...,...,...,...,2000,710.43,...,0.578
270,Gambia,...,...,...,"4,010.74",...,...,...,...,...,...,795.23,...,...,...,...,...,...,...,...,...,...,...,...,...,...,...,...,...,...,2000,795.23,...,0.603
268,Georgia,"2,545.20","6,208.44","4,871.24","3,747.16","3,181.71","2,980.01","3,045.00",348.60,...,...,"5,093.34","4,332.72","4,290.93","4,625.04","4,438.35","4,095.04","5,175.56","5,031.47","4,589.45","3,917.29","4,107.18","4,568.13","4,939.62","4,700.22",...,...,...,...,...,2013,4700.22,84.67,1.161
276,Germany,"4,847.70","4,600.77","4,457.42","4,481.78","4,323.44","4,224.53","4,129.84","3,949.41","3,745.03","3,709.19","3,544.22","3,401.79","3,238.77","3,100.55","2,901.15","2,774.73","2,623.81","2,542.77","2,506.12","2,407.40","2,367.25","2,322.69","2,352.19","2,328.78","2,279.64","2,270.70","2,220.28","2,189.53","2,105.68",2018,2105.68,-56.56,0.025
288,Ghana,"3,005.81","3,350.05","3,227.07","3,314.01","3,463.95","3,651.27","3,842.58","4,409.43","4,502.33","4,608.03","4,870.74","5,361.93","5,702.97","5,852.70","6,100.08","6,217.89","6,419.28",...,...,...,...,...,...,...,...,...,...,...,...,2006,6419.28,113.56,0.287
300,Greece,441.69,441.64,444.68,446.06,450.85,457.10,463.81,461.94,470.88,470.12,469.44,442.23,446.57,450.46,451.50,455.29,458.40,453.06,449.19,434.47,442.73,437.43,430.91,421.32,412.95,406.07,392.20,402.37,403.64,2018,403.64,-8.61,0.038
308,Grenada,...,...,...,...,"1,470.51",...,...,...,...,...,...,...,...,...,...,...,...,...,...,...,...,...,...,...,...,...,...,...,...,1994,1470.51,...,14.802
320,Guatemala,"4,087.86",...,...,...,"3,846.15",...,...,...,...,...,"4,086.85",...,...,...,...,"5,235.51",...,...,...,...,...,...,...,...,...,...,...,...,...,2005,5235.51,28.07,0.400
324,Guinea,...,...,...,...,"3,249.52",...,...,...,...,...,"7,623.00",...,...,...,...,...,...,...,...,...,...,...,...,...,...,...,...,...,...,2000,7623.00,...,0.925
624,Guinea-Bissau,...,...,...,...,668.68,...,...,...,...,...,...,...,...,...,...,...,"1,219.68",...,...,...,"3,450.22",...,...,...,...,...,...,...,...,2010,3450.22,...,2.266
328,Guyana,891.03,901.53,907.83,922.53,925.26,873.60,933.03,969.36,904.26,"1,040.13",918.96,973.14,771.12,"1,027.53",995.61,...,...,...,...,...,...,...,...,...,...,...,...,...,...,2004,995.61,11.74,1.335
332,Haiti,...,...,...,...,"2,739.87","3,064.74","3,630.69","3,649.59","3,628.59","3,674.16","3,669.96",...,...,...,...,...,...,...,...,...,...,...,...,...,...,...,...,...,...,2000,3669.96,...,0.434
340,Honduras,...,...,...,...,...,"5,762.23",...,...,...,...,"3,847.85",...,...,...,...,"4,149.60",...,...,...,...,...,...,...,...,...,"3,705.45",...,...,...,2015,3705.45,...,0.407
348,Hungary,468.87,458.12,406.09,384.14,365.35,343.90,346.42,340.81,336.00,338.60,342.65,338.02,336.03,342.85,328.73,320.47,314.58,312.76,306.93,308.41,308.54,305.22,307.21,300.46,293.19,294.11,292.11,294.98,290.88,2018,290.88,-37.96,0.030
352,Iceland,24.42,24.32,24.74,25.41,25.78,25.85,26.68,26.88,26.91,27.23,27.21,27.67,27.93,27.54,27.40,26.90,28.35,28.61,28.06,27.70,27.27,26.41,25.34,25.54,26.02,26.26,25.92,25.48,25.20,2018,25.20,3.18,0.075
356,India,...,...,...,...,"3,79,596.00",...,...,...,...,...,"4,07,238.30",...,...,...,...,...,...,...,...,...,"4,12,086.36",...,...,...,...,...,...,...,...,2010,412086.36,...,0.334
360,Indonesia,"1,06,113.00","1,19,536.20","1,22,351.04","1,24,257.84","1,26,882.00",...,...,...,...,...,"2,36,331.90",...,...,...,...,...,...,...,...,...,...,...,...,...,...,...,...,...,...,2000,236331.90,122.72,1.117
364,Iran (Islamic Republic of),...,...,...,...,"53,144.39",...,...,...,...,...,"75,713.82",...,...,...,...,...,...,...,...,...,...,...,...,...,...,...,...,...,...,2000,75713.82,...,1.154
368,Iraq,...,...,...,...,...,...,...,"6,699.00",...,...,...,...,...,...,...,...,...,...,...,...,...,...,...,...,...,...,...,...,...,1997,6699.00,...,0.312
372,Ireland,590.43,597.62,602.12,602.76,599.52,600.02,609.57,608.34,617.45,597.33,573.53,574.55,570.60,594.63,556.19,543.27,541.78,515.18,507.06,492.90,482.80,481.50,493.48,506.91,518.67,531.61,547.15,559.68,559.40,2018,559.40,-5.26,0.116
376,Israel,...,...,...,...,...,...,"3,522.91",...,...,...,"3,888.33",...,...,"4,966.04","5,244.15","5,529.92","5,819.52","6,045.47","6,266.96","6,388.36","6,714.75","6,727.10","6,934.66","6,963.98","7,094.80","7,109.29","7,253.92","7,307.25","7,380.90",2018,7380.90,...,0.881
380,Italy,"1,929.90","1,965.06","1,959.08","1,971.34","1,988.34","2,013.03","2,032.67","2,054.56","2,035.22","2,034.16","2,030.65","2,034.75","1,969.60","1,977.85","1,913.15","1,933.13","1,882.59","1,910.54","1,893.11","1,891.69","1,879.20","1,822.78","1,846.73","1,790.83","1,756.19","1,755.34","1,735.97","1,746.32","1,721.31",2018,1721.31,-10.81,0.028
388,Jamaica,...,...,...,...,"1,217.91",...,...,...,...,...,...,...,...,...,...,...,818.58,834.96,840.84,857.22,847.35,...,852.18,...,...,...,...,...,...,2012,852.18,...,0.300
392,Japan,"1,776.74","1,730.39","1,764.75","1,601.02","1,736.46","1,677.06","1,628.87","1,598.82","1,524.31","1,519.59","1,519.28","1,485.28","1,457.45","1,399.66","1,441.00","1,433.82","1,410.55","1,421.58","1,409.59","1,371.06","1,391.34","1,351.05","1,316.16","1,301.34","1,275.48","1,242.59","1,229.45","1,209.49","1,194.20",2018,1194.20,-32.79,0.009
400,Jordan,...,...,...,...,"8,475.36",...,...,...,...,...,"2,745.13",...,...,...,...,...,"3,066.00",...,...,...,...,...,...,...,...,...,...,...,...,2006,3066.00,...,0.512
398,Kazakhstan,"4,116.29","4,012.73","3,828.66","3,466.41","2,974.76","2,589.79","2,447.73","2,462.57","2,540.60","2,467.62","2,843.92","1,469.30","1,475.63","1,643.64","1,712.70","1,696.37","1,812.33","1,878.69","1,995.64","1,944.76","2,104.58","2,141.78","2,149.31","2,202.78","2,175.69","2,114.33","2,150.43","2,208.47","2,313.31",2018,2313.31,-43.80,0.126
404,Kenya,...,...,...,...,"15,537.09","16,724.19",...,...,...,...,"15,669.57",...,...,...,...,"18,042.57",...,...,...,...,"22,185.66",...,...,...,...,...,...,...,...,2010,22185.66,...,0.528
296,Kiribati,...,...,...,...,9.42,...,...,...,...,...,...,...,...,...,...,...,2.49,2.62,2.14,...,...,...,...,...,...,...,...,...,...,2008,2.14,...,0.022
414,Kuwait,...,...,...,...,"2,712.99",...,...,...,...,...,...,...,...,...,...,...,...,...,...,...,...,...,...,...,...,...,"2,002.08",...,...,2016,2002.08,...,0.506
417,Kyrgyzstan,"5,357.07","5,335.68","4,874.77","4,242.95","3,328.83","3,112.98","2,885.58","2,878.90","2,764.30","2,798.33","2,954.88","3,101.27","3,444.84","3,719.42","4,218.04","4,478.70","4,396.26","4,423.89","4,819.69","5,021.84","4,711.27",...,...,...,...,...,...,...,...,2010,4711.27,-12.06,0.869
418,Lao People's Democratic Republic,"6,414.45",...,...,...,...,...,...,...,...,...,"5,344.29",...,...,...,...,...,...,...,...,...,...,...,...,...,...,...,...,...,...,2000,5344.29,-16.68,1.004
428,Latvia,143.80,141.98,122.36,93.59,86.78,86.40,84.99,83.72,80.26,74.94,74.90,78.33,77.32,73.92,72.71,74.68,72.80,74.76,73.32,74.14,71.65,69.71,71.37,72.25,74.15,70.20,71.23,72.53,69.34,2018,69.34,-51.78,0.036
422,Lebanon,...,...,...,...,"1,129.11",...,...,...,...,...,"1,825.11",...,...,...,...,...,...,...,...,...,...,"2,873.64","2,962.05","2,030.14",...,...,...,...,...,2013,2030.14,...,0.343
426,Lesotho,...,...,...,...,970.41,...,...,...,...,...,"1,257.06",...,...,...,...,...,...,...,...,...,...,...,...,...,...,...,...,...,...,2000,1257.06,...,0.618
430,Liberia,...,...,...,...,...,...,...,...,...,...,"4,140.78",...,...,...,...,...,...,...,...,...,...,...,...,...,...,...,...,...,...,2000,4140.78,...,1.454
438,Liechtenstein,0.77,0.77,0.75,0.72,0.72,0.72,0.73,0.72,0.72,0.69,0.67,0.71,0.72,0.72,0.73,0.75,0.78,0.79,0.79,0.79,0.76,0.78,0.80,0.76,0.74,0.74,0.74,0.72,0.73,2018,0.73,-5.58,0.019
440,Lithuania,280.24,271.82,237.09,207.10,186.72,177.41,174.26,174.69,170.03,160.02,154.44,151.47,153.58,155.86,156.64,156.38,156.36,154.89,152.27,148.38,147.37,140.96,141.32,138.62,138.87,136.98,133.30,131.08,122.57,2018,122.57,-56.26,0.044
442,Luxembourg,23.27,23.77,23.13,23.32,22.82,23.46,23.81,23.60,23.50,23.70,23.42,23.63,23.61,23.18,23.05,23.01,22.86,23.21,23.62,23.67,23.67,22.69,22.37,22.54,23.06,23.30,23.45,23.75,23.51,2018,23.51,1.03,0.039
450,Madagascar,...,...,...,...,"7,755.09",...,...,...,...,...,"6,919.50",...,...,...,...,"10,489.50","11,488.06","11,493.12","10,846.65","11,003.31","11,192.38",...,...,...,...,...,...,...,...,2010,11192.38,...,0.529
454,Malawi,"7,043.61",...,...,...,"3,945.48",...,...,...,...,...,...,...,...,...,...,...,...,...,...,...,...,...,...,...,...,...,...,...,...,1994,3945.48,-43.98,0.405
458,Malaysia,"9,964.91","26,472.72","27,866.28","31,781.65","33,588.63","35,304.62","39,159.75","42,083.91","43,813.90","46,828.59","49,116.56","50,703.88","50,966.26","51,879.88","54,653.11","58,182.60","60,520.05","61,759.12","64,087.67","63,688.28","67,342.39","67,532.02",...,...,...,...,...,...,...,2011,67532.02,577.70,2.357
462,Maldives,...,...,...,...,23.98,...,...,...,...,...,...,...,...,...,...,...,...,...,...,...,...,31.79,32.38,33.41,38.85,42.27,...,...,...,2015,42.27,...,0.093
466,Mali,...,...,...,...,...,"7,157.18",...,...,...,...,"8,849.21",...,...,...,...,...,...,...,...,...,"13,544.33",...,...,...,...,...,...,...,...,2010,13544.33,...,0.900
470,Malta,4.21,4.48,4.76,5.05,5.29,5.48,5.76,6.03,6.29,6.57,6.99,7.18,7.45,7.73,8.11,8.56,8.87,9.11,5.89,6.48,7.22,6.73,6.66,6.25,6.90,7.28,7.63,7.63,7.99,2018,7.99,89.81,0.018
584,Marshall Islands,...,...,...,...,...,...,...,...,...,...,39.59,...,...,...,...,35.41,...,...,...,...,42.08,...,...,...,...,...,...,...,...,2010,42.08,...,0.747
478,Mauritania,...,...,...,...,...,"3,263.02",...,...,...,...,"4,146.73",...,...,...,...,...,...,...,...,...,...,...,...,...,...,...,...,...,...,2000,4146.73,...,1.577
480,Mauritius,...,...,...,...,...,193.20,...,...,...,...,"1,233.57","1,350.03","1,280.80","1,318.59","1,323.84","1,322.46","1,521.03",...,...,...,...,...,...,"1,545.81",...,...,...,...,...,2013,1545.81,...,1.231
484,Mexico,"64,211.08","66,616.76","65,846.65","70,593.27","71,188.43","71,968.35","76,624.43","80,242.55","81,662.31","78,330.83","81,058.94","79,135.38","80,602.79","82,648.47","82,079.56","83,369.19","86,937.02","92,355.60","1,04,725.95","1,03,507.40","1,00,276.50","1,00,244.70","95,150.11","94,148.43",...,...,...,...,...,2013,94148.43,46.62,0.792
583,Micronesia (Federated States of),...,...,...,...,7.12,...,...,...,...,...,5.85,...,...,...,...,...,...,...,...,...,...,...,...,...,...,...,...,...,...,2000,5.85,...,0.054
492,Monaco,0.09,0.08,0.08,0.06,0.05,0.05,0.05,0.04,0.05,0.05,0.06,0.05,0.05,0.05,0.06,0.07,0.08,0.07,0.08,0.04,0.05,0.05,0.05,0.05,0.05,0.05,0.05,0.05,0.05,2018,0.05,-39.32,0.001
496,Mongolia,"5,636.40","5,508.30","5,445.30","5,279.40","5,649.00","6,079.50","6,289.50","6,583.50","6,837.60",...,...,...,...,...,...,...,"6,528.90",...,...,...,...,...,...,...,...,...,...,...,...,2006,6528.90,15.83,2.551
499,Montenegro,606.04,600.68,573.87,554.21,545.50,554.78,565.32,557.26,553.33,554.74,543.04,530.04,552.51,553.56,541.38,434.28,432.60,409.29,394.17,336.42,362.67,365.48,...,...,...,...,...,...,...,2011,365.48,-39.69,0.585
504,Morocco,...,...,...,...,"7,350.00",...,...,...,...,...,"9,086.49",...,...,...,...,...,...,...,...,...,"15,135.56",...,"16,452.45",...,...,...,...,...,...,2012,16452.45,...,0.495
508,Mozambique,"4,983.93",...,...,...,"5,657.15",...,...,...,...,...,...,...,...,...,...,...,...,...,...,...,...,...,...,...,...,...,...,...,...,1994,5657.15,13.51,0.378
104,Myanmar,...,...,...,...,...,...,...,...,...,...,"23,182.76","23,651.81","23,956.50","24,542.50","25,207.00","26,584.60",...,...,...,...,...,...,...,...,...,...,...,...,...,2005,26584.60,...,0.543
516,Namibia,...,...,...,...,"3,546.06",...,...,...,...,...,"6,757.80",...,...,...,...,...,...,...,...,...,...,...,...,...,...,...,...,...,...,2000,6757.80,...,3.766
520,Nauru,...,...,...,...,7.27,...,...,...,...,...,5.40,...,...,5.75,...,...,...,5.01,...,...,4.16,...,...,...,...,...,...,...,...,2010,4.16,...,0.415
524,Nepal,...,...,...,...,"19,917.87",...,...,...,...,...,"13,666.59",...,...,...,...,...,...,...,...,...,...,...,...,...,...,...,...,...,...,2000,13666.59,...,0.571
528,Netherlands,"1,273.89","1,290.11","1,274.56","1,257.36","1,216.76","1,187.96","1,160.37","1,095.13","1,065.66","1,015.31",971.18,944.68,899.56,868.60,853.27,794.98,777.31,779.27,788.38,779.56,776.24,754.38,737.53,737.02,720.33,728.10,733.16,720.49,692.35,2018,692.35,-45.65,0.041
554,New Zealand,"1,291.50","1,296.49","1,281.53","1,289.93","1,323.77","1,339.87","1,363.85","1,390.80","1,368.62","1,378.44","1,413.65","1,428.94","1,421.23","1,426.54","1,425.28","1,434.28","1,442.90","1,405.30","1,364.68","1,371.45","1,372.80","1,377.58","1,396.00","1,399.32","1,409.06","1,388.30","1,370.48","1,370.20","1,371.45",2018,1371.45,6.19,0.289
558,Nicaragua,...,...,...,...,"4,129.86",...,...,...,...,...,"4,269.32",...,...,...,...,...,...,...,...,...,...,...,...,...,...,...,...,...,...,2000,4269.32,...,0.842
562,Niger,"3,436.34",...,...,...,...,...,...,...,...,...,"6,762.00",...,...,...,...,...,...,...,"11,550.00",...,...,...,...,...,...,...,...,...,...,2008,11550.00,236.11,0.757
566,Nigeria,...,...,...,...,"1,24,155.28",...,...,...,...,...,"88,179.00",...,...,...,...,...,...,...,...,...,...,...,...,...,...,...,...,...,...,2000,88179.00,...,0.721
570,Niue,...,...,...,...,0.01,...,...,...,...,...,0.00,...,...,...,...,0.00,0.00,0.00,0.00,21.00,...,...,...,...,...,...,...,...,...,2009,21.00,...,12.949
807,North Macedonia,"1,718.01","1,702.17","1,725.23","1,735.54","1,682.99","1,695.67","1,663.52","1,666.16","1,626.06","1,608.99","1,643.18","1,639.95","1,619.42","1,694.56","1,709.67","1,661.84","1,700.08","1,642.74","1,698.90","1,655.86",...,...,...,...,...,...,...,...,...,2009,1655.86,-3.62,0.800
578,Norway,241.28,239.10,242.06,247.10,250.39,248.40,250.21,250.98,242.99,238.64,239.02,238.66,233.67,232.56,227.92,222.06,216.19,219.51,213.66,215.34,215.59,209.48,208.49,205.87,203.51,202.21,197.98,194.69,192.18,2018,192.18,-20.35,0.036
512,Oman,...,...,...,...,"2,607.09",...,...,...,...,...,...,...,...,...,...,...,...,...,...,...,...,...,...,...,...,...,...,...,...,1994,2607.09,...,1.213
585,Palau,...,...,...,...,12.52,13.57,26.11,78.91,164.92,40.77,4.32,...,...,...,...,4.56,...,...,...,...,...,...,...,...,...,...,...,...,...,2005,4.56,...,0.231
591,Panama,...,...,...,...,"3,584.07",...,...,...,...,...,"3,153.15",...,...,...,...,...,...,...,...,...,...,...,...,...,...,...,...,...,...,2000,3153.15,...,1.041
598,Papua New Guinea,...,...,...,...,89.67,...,...,...,...,...,"1,177.47",...,...,...,...,...,...,...,...,...,...,...,...,...,...,...,...,...,...,2000,1177.47,...,0.201
600,Paraguay,"16,922.95",...,...,...,"13,071.45",...,...,...,...,...,"11,475.03",...,...,...,...,"14,269.71",...,...,...,...,...,"18,812.43","19,272.33",...,...,...,...,...,...,2012,19272.33,13.88,3.001
604,Peru,...,...,...,...,"13,394.64",...,...,...,...,...,"20,013.00",...,...,...,...,...,...,...,...,...,"21,863.13",...,"22,157.00",...,...,...,...,...,...,2012,22157.00,...,0.751
608,Philippines,...,...,...,...,"28,931.91",...,...,...,...,...,"31,797.57",...,...,...,...,...,...,...,...,...,...,...,...,...,...,...,...,...,...,2000,31797.57,...,0.408
616,Poland,"2,791.88","2,596.41","2,524.18","2,448.73","2,418.72","2,358.98","2,324.27","2,313.32","2,228.43","2,179.31","2,123.87","2,194.70","2,130.63","2,134.79","2,123.03","2,139.04","2,147.65","2,113.20","2,106.08","2,053.54","2,046.25","1,999.69","1,989.74","1,995.17","1,969.88","1,992.23","1,970.84","1,969.51","1,950.13",2018,1950.13,-30.15,0.051
620,Portugal,383.61,388.50,390.48,392.83,397.97,404.25,411.66,419.39,427.45,436.92,444.85,444.58,445.09,445.21,445.39,442.69,438.70,430.65,421.27,414.08,406.14,401.99,392.26,382.66,377.42,368.80,365.69,366.73,365.06,2018,365.06,-4.84,0.036
634,Qatar,...,...,...,...,...,...,...,...,...,...,...,...,...,...,...,...,...,"3,529.34",...,...,...,...,...,...,...,...,...,...,...,2007,3529.34,...,2.897
410,Republic of Korea,"30,300.90","30,205.14","29,596.98","29,031.66","29,016.33","28,631.61","28,968.87","29,167.74","27,909.84","27,573.00","27,539.40","27,836.34","27,971.37","27,944.28","27,013.98","26,943.00","26,881.26","26,538.75","26,482.47","26,481.84","26,902.68","26,582.01","26,546.52","26,507.25","26,032.44","25,988.34","25,993.59",...,...,2016,25993.59,-14.22,0.510
498,Republic of Moldova,"4,872.37","4,723.61","4,585.21","4,317.90","4,192.05","3,953.43","3,813.98","3,406.52","3,249.25","3,041.84","2,913.84","2,846.19","2,844.41","2,764.02","2,723.28","2,755.51","2,664.37","2,585.99","2,648.82","2,633.20","2,702.71","2,733.55","2,693.29","2,693.70",...,...,...,...,...,2013,2693.70,-44.71,0.661
642,Romania,"2,400.70","2,053.34","1,887.90","1,820.46","1,805.59","1,843.92","1,836.65","1,992.59","1,891.75","1,834.66","1,453.18","1,394.66","1,490.61","1,540.35","1,484.41","1,506.48","1,482.22","1,444.34","1,407.33","1,338.49","1,241.47","1,207.96","1,227.76","1,206.34","1,201.07","1,181.77","1,160.47","1,148.26","1,127.35",2018,1127.35,-53.04,0.058
643,Russian Federation,"18,549.43","17,644.54","16,514.65","15,779.66","14,696.56","14,055.37","13,502.88","13,010.52","12,527.89","12,491.63","12,680.60","12,946.20","12,982.81","13,472.68","13,738.63","13,857.05","14,116.86","14,255.97","14,393.24","13,494.73","14,077.99","14,405.47","14,587.07","14,583.82","14,543.97","14,520.47","14,675.23","15,355.99","15,841.35",2018,15841.35,-14.60,0.109
646,Rwanda,...,...,...,...,...,...,...,...,...,...,...,...,"1,261.07",...,...,"1,508.12",...,...,...,...,...,...,...,...,...,...,...,...,...,2005,1508.12,...,0.171
659,Saint Kitts and Nevis,...,...,...,...,59.48,...,...,...,...,...,...,...,...,...,...,...,...,...,...,...,...,...,...,...,...,...,...,...,...,1994,59.48,...,1.429
662,Saint Lucia,...,...,...,...,595.78,...,...,...,...,...,80.23,...,...,...,...,84.71,...,...,...,...,87.78,...,...,...,...,...,...,...,...,2010,87.78,...,0.504
670,Saint Vincent and the Grenadines,62.11,...,...,...,62.29,...,...,64.38,...,...,66.80,...,...,...,66.78,...,...,...,...,...,...,...,...,...,...,...,...,...,...,2004,66.78,7.52,0.615
882,Samoa,...,...,...,...,69.38,...,...,...,...,...,...,...,...,...,...,...,...,...,...,...,...,...,...,...,...,...,...,...,...,1994,69.38,...,0.411
674,San Marino,...,...,...,...,...,...,...,...,...,...,...,...,...,...,...,...,...,3.40,...,...,2.78,...,...,...,...,...,...,...,...,2010,2.78,...,0.089
678,Sao Tome and Principe,...,...,...,...,...,...,...,...,...,...,...,...,...,...,...,...,...,...,...,...,...,...,21.34,...,...,...,...,...,...,2012,21.34,...,0.113
682,Saudi Arabia,"16,526.99",...,...,...,...,...,...,...,...,...,"27,551.81",...,...,...,...,...,...,...,...,...,"43,401.23",...,"37,360.05",...,...,...,...,...,...,2012,37360.05,126.05,1.281
686,Senegal,...,...,...,...,...,...,...,...,...,...,"6,475.48",...,...,...,...,"6,224.40",...,...,...,...,...,...,...,...,...,...,...,...,...,2005,6224.40,...,0.561
688,Serbia,"9,081.66",...,...,...,...,...,...,...,"8,914.71",...,...,...,...,...,...,...,...,...,...,...,...,...,...,...,...,...,...,...,...,1998,8914.71,-1.84,0.920
690,Seychelles,...,...,...,...,...,47.29,...,...,...,...,57.60,...,...,...,...,...,...,...,...,...,...,...,...,...,...,...,...,...,...,2000,57.60,...,0.711
702,Singapore,...,...,...,...,...,...,...,...,...,...,111.72,...,...,...,...,...,...,...,...,...,113.90,...,86.73,...,...,...,...,...,...,2012,86.73,...,0.016
703,Slovakia,290.20,278.30,252.95,243.11,235.37,236.95,233.61,225.69,223.23,222.12,212.76,207.95,204.63,199.10,202.87,204.27,197.42,195.01,198.02,188.14,191.91,194.50,179.22,184.17,173.67,181.24,183.16,184.65,177.68,2018,177.68,-38.77,0.033
705,Slovenia,101.76,97.94,98.62,94.23,94.00,95.08,93.39,94.01,96.10,96.20,99.94,99.01,101.88,100.35,98.30,97.27,95.13,96.18,91.34,87.57,86.31,85.98,84.14,81.91,77.87,80.14,81.66,79.78,77.45,2018,77.45,-23.89,0.037
90,Solomon Islands,...,...,...,...,...,...,...,...,...,...,201.60,...,...,...,...,...,...,...,...,...,...,...,...,...,...,...,...,...,...,2000,201.60,...,0.489
710,South Africa,"43,114.89",...,...,...,"43,206.03",...,...,...,...,...,...,...,...,...,...,...,...,...,...,...,...,...,...,...,...,...,...,...,...,1994,43206.03,0.21,1.065
728,South Sudan,...,...,...,...,...,...,...,...,...,...,...,...,...,...,...,...,...,...,...,...,...,...,"15,276.09","15,751.34","16,178.25","16,374.71",...,...,...,2015,16374.71,...,1.528
724,Spain,"1,424.37","1,378.94","1,407.05","1,401.92","1,448.69","1,481.77","1,552.90","1,586.55","1,606.77","1,651.29","1,710.73","1,726.56","1,732.34","1,749.11","1,728.95","1,690.78","1,662.70","1,696.35","1,636.89","1,694.98","1,620.99","1,625.59","1,577.67","1,539.59","1,516.33","1,567.59","1,566.01","1,583.45","1,588.89",2018,1588.89,11.55,0.034
144,Sri Lanka,...,...,...,"16,107.00","16,022.63","16,044.00",...,...,...,...,"6,802.53",...,...,...,...,...,...,...,...,...,...,...,...,...,...,...,...,...,...,2000,6802.53,...,0.362
275,State of Palestine,...,...,...,...,...,...,...,...,...,...,...,...,...,...,...,...,...,...,...,...,...,802.64,...,...,...,...,...,...,...,2011,802.64,...,0.193
729,Sudan,...,...,...,...,...,"39,774.00",...,...,...,...,"43,986.60",...,...,...,...,...,...,...,...,...,...,...,...,...,...,...,...,...,...,2000,43986.60,...,1.613
740,Suriname,...,...,...,...,...,...,...,...,...,...,...,...,...,861.00,...,...,...,...,...,...,...,...,...,...,...,...,...,...,...,2003,861.00,...,1.765
752,Sweden,296.75,296.60,302.00,301.04,298.57,294.68,295.03,292.23,287.93,279.94,273.33,270.42,260.55,252.16,253.21,245.62,241.08,230.60,219.71,213.53,208.66,202.64,195.98,193.13,188.07,183.82,180.44,178.82,175.22,2018,175.22,-40.95,0.018
756,Switzerland,241.76,238.92,235.61,231.23,229.20,229.17,226.73,220.78,217.94,214.49,212.26,213.91,212.13,208.92,207.55,208.15,208.81,208.10,210.92,207.24,206.17,203.97,202.83,200.27,200.14,198.96,197.21,194.74,193.60,2018,193.60,-19.92,0.023
762,Tajikistan,3696.00,3738.00,3420.90,3402.00,2919.00,2688.00,2520.00,2436.00,2352.00,2268.00,2352.00,2352.00,2415.00,2562.00,2604.00,2751.00,2814.00,2919.00,3297.00,3465.00,3486.00,...,...,...,...,...,...,...,...,2010,3486.00,-5.68,0.463
764,Thailand,...,...,...,...,65346.81,...,...,...,...,...,...,...,...,...,...,...,...,...,...,...,...,...,...,59520.09,...,...,...,...,...,2013,59520.09,...,0.873
626,Timor-Leste,...,...,...,...,...,...,...,...,...,...,...,...,...,...,...,...,...,...,...,...,548.57,...,...,...,...,...,...,...,...,2010,548.57,...,0.502
768,Togo,...,...,794.64,820.05,864.36,934.58,936.18,991.20,1115.31,...,1108.59,...,...,...,...,1362.90,...,...,...,...,...,...,...,...,...,...,...,...,...,2005,1362.90,...,0.243
776,Tonga,...,...,...,...,105.84,...,...,...,...,...,94.36,...,...,...,...,...,36.27,...,...,...,...,...,...,...,...,...,...,...,...,2006,36.27,...,0.357
780,Trinidad and Tobago,686.55,...,...,...,...,...,...,...,...,...,...,...,...,...,...,...,...,...,...,...,...,...,...,...,...,...,...,...,...,1990,686.55,...,0.562
788,Tunisia,...,...,...,...,3783.15,...,...,...,...,...,5811.96,...,...,...,...,...,...,...,...,...,...,...,...,...,...,...,...,...,...,2000,5811.96,...,0.599
792,Turkey,1696.20,1731.41,1727.72,1718.63,1707.35,1700.12,1714.18,1684.87,1692.51,1747.08,1742.30,1711.80,1634.41,1714.58,1739.57,1806.23,1863.56,1959.27,1995.64,1983.63,2052.77,2147.78,2283.68,2218.76,2292.19,2054.39,2154.33,2169.25,2303.04,2018,2303.04,35.78,0.028
795,Turkmenistan,...,...,...,...,18794.55,...,...,...,...,...,24239.76,...,...,...,33262.95,...,...,...,...,...,27398.95,...,...,...,...,...,...,...,...,2010,27398.95,...,5.386
798,Tuvalu,...,...,...,...,0.91,...,...,...,...,...,...,...,...,...,...,...,...,...,...,...,...,...,...,...,2.28,...,...,...,...,2014,2.28,...,0.207
800,Uganda,...,...,...,...,26652.09,...,...,...,...,...,9464.28,...,...,...,...,...,...,...,...,...,...,...,...,...,...,...,...,...,...,2000,9464.28,...,0.400
804,Ukraine,7302.91,6987.77,6670.46,6332.76,5955.37,5545.95,5387.04,5175.34,5026.66,5076.97,4718.11,4660.07,4362.12,4387.22,4261.17,4097.84,4003.52,3996.27,3729.29,3406.46,3382.71,3440.41,3219.30,3007.42,2750.36,2449.44,2639.76,2546.15,2700.80,2018,2700.80,-63.02,0.061
784,United Arab Emirates,...,...,...,...,11627.70,...,...,...,...,...,20958.00,...,...,...,...,29925.00,...,...,...,...,...,...,...,...,10543.89,...,...,...,...,2014,10543.89,...,1.144
826,United Kingdom of Great Britain and Northern Ireland,5322.42,5352.46,5339.63,5276.15,5000.29,5060.88,5025.76,4933.52,4792.53,4570.19,4361.47,4165.55,4067.54,3860.17,3685.93,3494.65,3317.09,3161.71,2938.10,2756.59,2569.70,2462.37,2401.75,2242.04,2157.23,2124.96,2061.65,2078.63,2077.45,2018,2077.45,-60.97,0.031
834,United Republic of Tanzania,20656.83,...,...,...,21634.92,...,...,...,...,...,...,...,...,...,...,...,...,...,...,...,...,...,...,...,...,...,...,...,...,1994,21634.92,4.73,0.751
840,United States of America,30976.38,31154.42,31110.16,30638.51,30886.43,30599.92,30305.22,29673.34,29067.99,28354.43,28120.44,27826.02,27536.73,27521.25,27268.75,27182.48,27358.15,27426.78,27667.68,27207.91,27293.45,26250.82,25873.21,25698.30,25560.44,25539.31,24969.79,25212.18,25378.29,2018,25378.29,-18.07,0.078
858,Uruguay,14506.80,...,...,...,16029.30,...,...,...,15735.05,...,15283.80,...,16221.20,...,16514.40,...,17011.49,...,17323.95,...,16146.90,...,15720.60,...,16240.27,...,16588.93,16519.47,...,2017,16519.47,13.87,4.807
860,Uzbekistan,54188.20,56499.30,56664.10,83492.10,70252.00,71728.60,73620.40,65875.20,62435.30,67279.32,78678.30,81563.21,82604.06,84431.25,83649.54,85929.46,99022.43,99973.06,104570.97,89998.81,86974.71,87895.90,88442.50,...,...,...,...,...,...,2012,88442.50,63.21,3.003
548,Vanuatu,...,...,...,...,235.21,...,...,...,...,...,336.84,...,...,...,...,...,...,...,...,...,...,...,...,...,...,...,...,...,...,2000,336.84,...,1.821
862,Venezuela (Bolivarian Republic of),...,...,...,...,...,...,...,...,...,61921.44,...,...,...,...,...,...,...,...,...,...,...,...,...,...,...,...,...,...,...,1999,61921.44,...,2.608
704,Viet Nam,...,...,...,...,48893.94,...,...,...,...,...,63499.59,...,...,...,...,...,...,...,...,...,87316.17,...,...,84859.32,...,...,...,...,...,2013,84859.32,...,0.935
887,Yemen,...,...,...,...,...,2694.30,...,...,...,...,4424.49,...,...,...,...,...,...,...,...,...,7008.75,...,7714.83,...,...,...,...,...,...,2012,7714.83,...,0.315
894,Zambia,...,...,...,...,10704.65,...,...,...,...,...,6567.04,...,...,...,...,...,...,...,...,...,...,...,...,...,...,...,...,...,...,2000,6567.04,...,0.630
716,Zimbabwe,...,...,...,...,7523.49,...,...,...,...,...,7476.00,...,...,...,...,...,5363.80,...,...,...,...,...,...,...,...,...,...,...,...,2006,5363.80,...,0.441
