Country ID,Country,"Time Series - SO2 total emissions, in 1000 t",,,,,,,,,,,,,,,,,,,,,,,,,,,,,,"SO2 emissions, latest year",% change since 1990,"SO2 emissions per capita, latest year"
,,1990,1991,1992,1993,1994,1995,1996,1997,1998,1999,2000,2001,2002,2003,2004,2005,2006,2007,2008,2009,2010,2011,2012,2013,2014,2015,2016,2017,2018,Latest Year,1000 t,%,1000 t
4,Afghanistan,...,...,...,...,...,...,...,...,...,...,...,...,...,...,...,13.86,...,...,...,...,...,...,...,...,...,...,...,...,...,2005, 13.86 ,..., 0.54 
8,Albania,0.57,0.91,0.60,0.61,0.57,0.54,0.51,0.45,0.43,0.38,0.57,0.65,0.66,0.74,0.82,0.27,1.02,1.19,1.34,1.60,...,...,...,...,...,...,...,...,...,2009, 1.60 ,180.70, 0.54 
12,Algeria,...,...,...,...,39.69,...,...,...,...,...,45.64,...,...,...,...,...,...,...,...,...,...,...,...,...,...,...,...,...,...,2000, 45.64 ,..., 1.47 
28,Antigua and Barbuda,2.83,...,...,...,...,...,...,...,...,...,2.75,...,...,...,...,...,...,...,...,...,...,...,...,...,...,...,...,...,...,2000, 2.75 ,-2.83, 36.18 
32,Argentina,79.20,...,...,...,99.97,...,...,96.37,...,...,87.62,...,...,...,...,...,...,...,...,...,114.63,...,119.38,...,...,...,...,...,...,2012, 119.38 ,50.73, 2.86 
51,Armenia,0.39,...,...,...,...,...,...,...,...,...,0.64,...,...,...,...,...,27.26,...,...,...,29.44,...,...,...,...,...,...,...,...,2010, 29.44 ,7390.84, 10.23 
36,Australia,"1,585.75","1,570.78","1,652.95","1,743.16","1,764.91","1,674.10","1,762.21","1,818.19","1,743.77","1,832.66","2,343.29","2,585.10","2,775.52","2,775.02","2,512.63","2,520.31","2,482.62","2,444.42","2,511.92","2,598.01","2,378.20","2,507.10","2,518.19","2,414.34","2,499.95","2,384.65","2,465.53","2,286.54","2,121.03",2018," 2,121.03 ",33.76, 85.19 
40,Austria,73.63,70.66,54.13,52.75,47.11,46.73,43.87,40.34,35.57,33.68,31.50,32.38,31.30,31.09,26.49,25.86,26.69,23.34,20.23,14.70,15.94,15.12,14.75,14.34,14.44,13.88,13.22,12.75,11.67,2018, 11.67 ,-84.15, 1.31 
48,Bahrain,...,...,...,...,"1,177.63",...,...,...,...,...,27.00,...,...,...,...,...,...,...,...,...,...,...,...,...,...,...,...,...,...,2000, 27.00 ,..., 40.63 
52,Barbados,...,...,...,...,0.18,...,...,0.05,...,...,...,...,...,...,...,...,...,...,...,...,...,...,...,...,...,...,...,...,...,1997, 0.05 ,..., 0.19 
112,Belarus,3.50,3.54,2.89,2.27,2.23,2.24,2.40,2.84,3.16,3.38,3.53,3.52,3.67,3.87,4.06,4.40,4.73,4.85,4.94,4.23,4.71,4.80,5.01,4.96,5.23,4.48,4.85,3.62,4.81,2018, 4.81 ,37.25, 0.51 
56,Belgium,364.75,367.21,358.34,332.91,290.48,257.94,247.67,225.80,212.24,173.63,170.81,165.23,156.71,152.37,155.24,143.40,134.04,123.64,95.74,74.30,60.53,53.16,47.31,42.92,40.43,40.80,39.80,38.35,37.97,2018, 37.97 ,-89.59, 3.31 
84,Belize,...,...,...,...,0.53,...,...,...,...,...,...,...,...,...,...,...,...,...,...,...,...,...,...,...,...,...,...,...,...,1994, 0.53 ,..., 2.63 
204,Benin,...,...,...,...,...,0.17,...,...,...,...,13.88,...,...,...,...,...,...,...,...,...,...,...,...,...,...,...,...,...,...,2000, 13.88 ,..., 2.02 
64,Bhutan,...,...,...,...,0.05,...,...,...,...,...,1.06,...,...,...,...,...,...,...,...,...,...,...,...,...,...,...,...,...,...,2000, 1.06 ,..., 1.79 
68,Bolivia (Plurinational State of),11.16,...,...,...,13.03,...,...,...,13.68,...,12.10,...,...,...,...,...,...,...,...,...,...,...,...,...,...,...,...,...,...,2000, 12.10 ,8.42, 1.44 
70,Bosnia and Herzegovina,453.16,397.98,124.80,29.19,31.66,33.72,126.11,178.17,230.91,236.28,223.37,213.74,...,...,...,...,...,...,...,...,...,...,...,412.00,516.00,...,...,...,...,2014, 516.00 ,13.87, 148.19 
100,Bulgaria,446.05,375.10,386.88,385.18,373.25,377.05,380.79,420.16,403.68,337.12,334.17,384.35,352.65,389.80,378.88,372.55,376.20,425.57,422.03,383.33,410.85,493.07,428.89,368.99,393.11,427.55,378.60,410.04,359.55,2018, 359.55 ,-19.39, 50.99 
854,Burkina Faso,...,...,...,...,...,...,...,...,...,...,...,...,...,...,...,...,...,0.50,...,...,...,...,...,...,...,...,...,...,...,2007, 0.50 ,..., 0.04 
116,Cambodia,...,...,...,...,25.69,...,...,...,...,...,...,...,...,...,...,...,...,...,...,...,...,...,...,...,...,...,...,...,...,1994, 25.69 ,..., 2.49 
120,Cameroon,...,...,...,...,2.53,...,...,...,...,...,7.00,...,...,...,...,...,...,...,...,...,...,...,...,...,...,...,...,...,...,2000, 7.00 ,..., 0.45 
152,Chile,255.20,...,...,"2,005.60",320.10,...,...,...,...,...,338.40,...,...,...,...,...,892.97,...,...,...,364.00,...,...,358.70,...,...,357.40,...,...,2016, 357.40 ,40.05, 19.63 
170,Colombia,141.81,...,...,...,170.27,...,...,...,...,...,159.33,...,...,...,142.81,...,...,...,...,...,...,...,...,...,...,...,...,...,...,2004, 142.81 ,0.71, 3.39 
174,Comoros,...,...,...,...,...,...,...,...,...,...,0.13,...,...,...,...,...,...,...,...,...,...,...,...,...,...,...,...,...,...,2000, 0.13 ,..., 0.25 
188,Costa Rica,...,...,...,...,...,...,2.07,...,...,...,4.00,...,...,...,...,4.85,...,...,...,...,...,...,...,...,...,...,...,...,...,2005, 4.85 ,..., 1.13 
384,Côte d’Ivoire,...,...,...,...,...,...,...,...,...,...,"4,079.55",...,...,...,...,...,...,...,...,...,...,...,...,...,...,...,...,...,...,2000," 4,079.55 ",..., 247.93 
191,Croatia,168.12,99.60,104.35,111.96,99.24,77.00,61.47,76.90,95.34,95.22,60.17,58.93,62.80,63.54,51.92,58.36,54.46,59.83,53.21,56.18,35.20,29.17,24.54,17.17,13.87,15.69,14.58,12.48,10.16,2018, 10.16 ,-93.95, 2.45 
192,Cuba,477.49,...,...,...,...,...,...,...,...,...,513.66,...,622.51,...,...,...,...,...,...,...,...,...,...,...,...,...,...,...,...,2002, 622.51 ,30.37, 55.58 
196,Cyprus,31.75,33.05,37.91,40.12,42.65,39.70,41.68,44.00,47.31,49.67,48.39,45.53,45.97,47.43,40.36,37.92,31.53,29.50,22.41,17.76,21.95,20.95,16.28,13.86,16.98,13.07,16.26,16.54,17.71,2018, 17.71 ,-44.22, 14.89 
203,Czechia,"1,754.55","1,650.35","1,381.94","1,302.88","1,159.41","1,058.96",914.43,694.44,425.34,231.92,233.00,228.71,223.40,218.38,215.09,208.43,206.72,212.02,170.06,168.72,163.83,167.56,160.16,145.21,134.45,129.33,115.10,109.92,96.51,2018, 96.51 ,-94.50, 9.05 
408,Democratic People's Republic of Korea,"3,121.00",...,...,...,"2,368.00",...,...,...,...,...,"1,298.00",...,"1,384.00",...,...,...,...,...,...,...,...,...,...,...,...,...,...,...,...,2002," 1,384.00 ",-55.66, 59.30 
180,Democratic Republic of the Congo,...,...,...,...,0.01,...,...,...,...,...,0.02,...,...,...,...,...,...,...,...,...,...,...,...,...,...,...,...,...,...,2000, 0.02 ,..., 0.00 
208,Denmark,179.06,239.69,185.11,150.06,152.40,146.58,177.10,105.20,81.51,60.52,33.58,30.86,29.36,36.34,29.80,27.34,31.40,28.34,22.10,16.23,16.26,15.04,13.34,13.46,11.44,10.59,11.05,11.30,11.82,2018, 11.82 ,-93.40, 2.06 
212,Dominica,...,...,...,...,0.15,...,...,...,...,...,0.18,0.21,0.19,0.20,0.19,0.22,...,...,...,...,...,...,...,...,...,...,...,...,...,2005, 0.22 ,..., 3.09 
214,Dominican Republic,77.06,...,...,...,116.34,...,...,...,75.25,...,110.15,...,...,...,...,...,...,...,...,...,1.11,...,...,...,...,...,...,...,...,2010, 1.11 ,-98.56, 0.11 
818,Egypt,...,...,...,...,...,...,...,...,...,...,...,...,...,...,...,146.45,...,...,...,...,...,...,...,...,...,...,...,...,...,2005, 146.45 ,..., 1.94 
233,Estonia,222.03,202.90,147.15,116.32,116.14,103.23,106.56,101.79,91.58,86.84,80.14,75.52,74.08,86.74,76.38,64.37,57.03,78.98,60.23,44.81,73.39,63.89,30.23,26.36,31.36,24.33,27.52,31.83,35.96,2018, 35.96 ,-83.80, 27.18 
748,Eswatini,...,...,...,...,1.97,...,...,...,...,...,...,...,...,...,...,...,...,...,...,...,...,...,...,...,...,...,...,...,...,1994, 1.97 ,..., 2.17 
231,Ethiopia,11.10,9.10,9.10,11.10,2.71,...,...,...,...,...,...,...,...,...,...,...,...,...,...,...,...,...,...,8.74,...,...,...,...,...,2013, 8.74 ,-21.28, 0.09 
242,Fiji,...,...,...,...,0.03,...,...,...,...,...,...,...,...,...,...,...,...,...,...,...,...,...,...,...,...,...,...,...,...,1994, 0.03 ,..., 0.04 
246,Finland,250.34,202.29,158.10,138.12,123.67,104.97,110.42,101.59,93.69,91.28,81.00,90.31,91.13,102.45,84.56,69.10,84.04,82.76,67.70,59.54,67.13,60.40,50.95,48.32,43.20,41.83,39.77,35.49,33.39,2018, 33.39 ,-86.66, 6.05 
250,France,"1,320.52","1,420.34","1,289.76","1,128.51","1,063.61","1,007.17",994.62,852.79,888.34,766.36,672.06,613.02,568.33,546.31,529.61,503.57,476.32,454.54,383.32,325.78,309.09,272.54,266.42,247.67,205.50,198.99,183.52,183.44,180.04,2018, 180.04 ,-86.37, 2.77 
266,Gabon,...,...,...,...,1.00,...,...,...,...,...,7.67,...,...,...,...,...,...,...,...,...,...,...,...,...,...,...,...,...,...,2000, 7.67 ,..., 6.24 
268,Georgia,...,...,...,...,...,20.26,...,...,...,...,0.19,1.27,0.20,0.28,0.34,0.44,1.00,0.40,1.30,1.80,0.28,0.46,0.48,2.54,...,...,...,...,...,2013, 2.54 ,..., 0.63 
276,Germany,"5,442.58","3,974.57","3,246.36","2,910.79","2,424.36","1,750.89","1,483.46","1,233.09",986.38,805.74,650.40,629.22,565.89,538.82,497.39,477.20,475.63,458.79,453.75,395.27,405.12,389.12,371.56,359.90,339.10,335.77,311.17,301.45,288.68,2018, 288.68 ,-94.70, 3.47 
288,Ghana,...,...,...,...,...,...,...,...,...,...,0.50,...,...,...,...,...,...,...,...,...,...,...,...,...,...,...,...,...,...,2000, 0.50 ,..., 0.03 
300,Greece,510.95,503.21,518.51,508.89,526.98,520.66,521.30,554.18,578.34,563.97,562.58,573.47,557.78,564.79,565.30,585.08,545.03,529.48,457.94,410.76,231.00,168.25,141.97,130.50,114.48,112.13,107.36,105.55,98.99,2018, 98.99 ,-80.63, 9.41 
320,Guatemala,74.50,...,...,...,74.61,...,...,...,...,...,98.46,...,...,...,...,52.29,...,...,...,...,...,...,...,...,...,...,...,...,...,2005, 52.29 ,-29.81, 3.99 
324,Guinea,...,...,...,...,0.44,...,...,...,...,...,...,...,...,...,...,...,...,...,...,...,...,...,...,...,...,...,...,...,...,1994, 0.44 ,..., 0.06 
328,Guyana,7.50,7.50,7.50,7.50,7.50,8.10,7.70,8.20,9.00,7.00,7.10,6.80,6.90,6.90,6.90,...,...,...,...,...,...,...,...,...,...,...,...,...,...,2004, 6.90 ,-8.00, 9.25 
332,Haiti,...,...,...,...,8.80,11.96,12.51,14.58,14.18,14.37,13.58,...,...,...,...,...,...,...,...,...,...,...,...,...,...,...,...,...,...,2000, 13.58 ,..., 1.60 
340,Honduras,...,...,...,...,...,0.30,...,...,...,...,0.38,...,...,...,...,...,...,...,...,...,...,...,...,...,...,...,...,...,...,2000, 0.38 ,..., 0.06 
348,Hungary,829.73,832.66,715.44,719.99,629.73,614.10,611.94,625.52,565.97,558.50,427.24,346.33,272.35,246.00,151.45,42.96,39.20,36.28,35.87,29.76,30.47,34.30,30.54,29.39,26.03,24.31,23.14,27.82,23.04,2018, 23.04 ,-97.22, 2.37 
352,Iceland,24.03,22.33,24.72,24.76,23.35,22.24,24.71,24.73,24.44,32.51,38.77,41.72,44.93,41.45,36.30,42.51,42.36,60.46,77.36,71.80,81.76,84.13,87.06,72.01,65.38,60.54,51.57,49.65,54.71,2018, 54.71 ,127.66, 162.47 
364,Iran (Islamic Republic of),...,...,...,...,29.13,...,...,...,...,...,139.46,...,...,...,...,...,...,...,...,...,...,...,...,...,...,...,...,...,...,2000, 139.46 ,..., 2.13 
368,Iraq,...,...,...,...,...,...,...,"3,909.00",...,...,...,...,...,...,...,...,...,...,...,...,...,...,...,...,...,...,...,...,...,1997," 3,909.00 ",..., 182.33 
372,Ireland,182.93,183.15,170.92,161.95,177.09,163.17,150.05,168.93,179.71,161.09,144.22,142.26,106.64,82.63,73.25,73.05,60.78,54.94,45.61,32.76,26.57,25.02,23.49,23.59,16.95,15.08,13.71,13.46,12.17,2018, 12.17 ,-93.35, 2.52 
376,Israel,...,...,...,...,...,...,281.13,...,...,...,270.98,...,...,235.53,219.28,197.99,182.10,178.18,168.30,154.24,145.37,153.18,151.25,126.17,100.31,100.43,86.13,67.43,56.20,2018, 56.20 ,..., 6.71 
380,Italy,"1,783.86","1,672.65","1,574.23","1,471.75","1,389.49","1,322.67","1,213.90","1,138.37","1,004.29",903.67,756.22,704.49,623.29,524.48,487.80,409.62,387.84,345.37,290.10,237.46,218.48,196.24,177.97,146.56,131.58,124.49,116.95,115.42,110.45,2018, 110.45 ,-93.81, 1.82 
388,Jamaica,...,...,...,...,99.70,...,...,...,...,...,...,...,...,...,...,...,18.71,19.05,18.62,17.35,16.65,...,15.99,...,...,...,...,...,...,2012, 15.99 ,..., 5.63 
392,Japan,"1,250.00","1,241.00","1,199.47","1,155.20","1,212.32","1,202.97","1,158.13","1,193.67","1,119.50","1,136.93","1,130.87","1,124.15","1,115.08","1,088.31","1,058.25","1,010.67",970.29,926.76,860.19,802.59,772.12,727.95,724.16,715.46,706.51,701.73,700.92,695.31,694.93,2018, 694.93 ,-44.41, 5.46 
400,Jordan,...,...,...,...,...,...,...,...,...,...,186.41,...,...,...,...,...,138.00,...,...,...,...,...,...,...,...,...,...,...,...,2006, 138.00 ,..., 23.03 
398,Kazakhstan,"1,043.89","1,028.12",902.66,808.80,638.17,625.94,563.99,506.10,480.44,357.65,407.15,400.85,452.31,483.55,478.06,537.42,581.50,571.89,555.95,566.65,594.50,640.49,652.01,624.28,676.92,666.64,637.20,661.33,668.74,2018, 668.74 ,-35.94, 36.50 
404,Kenya,...,...,...,...,...,108.45,...,...,...,...,126.32,...,...,...,...,126.21,...,...,...,...,145.65,...,...,...,...,...,...,...,...,2010, 145.65 ,..., 3.47 
414,Kuwait,...,...,...,...,319.00,...,...,...,...,...,...,...,...,...,...,...,...,...,...,...,...,...,...,...,...,...,...,...,...,1994, 319.00 ,..., 192.25 
417,Kyrgyzstan,92.65,84.71,69.21,55.15,39.19,24.13,22.17,24.78,21.38,23.08,22.53,22.77,22.45,22.03,23.27,23.13,22.83,24.76,31.51,32.97,30.56,...,...,...,...,...,...,...,...,2010, 30.56 ,-67.01, 5.64 
418,Lao People's Democratic Republic,...,...,...,...,...,...,...,...,...,...,1.59,...,...,...,...,...,...,...,...,...,...,...,...,...,...,...,...,...,...,2000, 1.59 ,..., 0.30 
428,Latvia,100.45,81.68,69.79,65.74,66.71,49.39,55.67,43.96,39.84,32.21,17.75,14.30,12.98,11.31,9.28,8.74,8.32,8.12,6.58,6.61,4.31,4.27,4.41,3.90,3.85,3.55,3.43,3.59,3.83,2018, 3.83 ,-96.19, 1.99 
422,Lebanon,...,...,...,...,82.99,...,...,...,...,...,93.42,...,...,...,...,...,...,...,...,...,...,102.02,112.05,119.01,...,...,...,...,...,2013, 119.01 ,..., 20.13 
440,Lithuania,185.14,210.72,110.23,96.82,96.02,73.77,74.44,68.30,85.05,63.48,37.95,41.76,37.52,24.84,25.58,27.37,25.16,21.62,19.51,18.72,18.02,19.53,17.00,14.66,13.34,14.93,14.88,12.65,12.66,2018, 12.66 ,-93.16, 4.52 
442,Luxembourg,15.75,15.96,15.57,16.50,14.95,8.83,8.31,5.65,3.01,3.09,3.25,3.82,2.80,2.62,2.41,2.38,2.76,2.32,1.69,1.67,1.65,1.23,1.44,1.49,1.51,1.30,0.95,0.96,0.92,2018, 0.92 ,-94.17, 1.52 
450,Madagascar,...,...,...,...,34.65,...,...,...,...,...,39.82,...,...,...,...,52.00,54.10,56.90,60.10,61.90,65.20,...,...,...,...,...,...,...,...,2010, 65.20 ,..., 3.08 
466,Mali,...,...,...,...,...,0.00,...,...,...,...,...,...,...,...,...,...,...,...,...,...,3.65,...,...,...,...,...,...,...,...,2010, 3.65 ,..., 0.24 
470,Malta,10.26,11.12,11.63,11.70,12.43,11.41,10.16,10.52,10.64,10.39,10.03,10.96,10.41,11.30,11.12,12.36,12.47,12.85,10.53,6.76,8.17,8.11,8.12,5.57,4.91,2.44,2.05,1.04,0.33,2018, 0.33 ,-96.76, 0.76 
584,Marshall Islands,...,...,...,...,...,...,...,...,...,...,0.15,...,...,...,...,0.18,...,...,...,...,0.28,...,...,...,...,...,...,...,...,2010, 0.28 ,..., 5.02 
478,Mauritania,...,...,...,...,...,0.19,...,...,...,...,0.09,...,...,...,...,...,...,...,...,...,...,...,...,...,...,...,...,...,...,2000, 0.09 ,..., 0.03 
480,Mauritius,...,...,...,...,...,26.74,...,...,...,...,8.76,9.55,9.20,12.47,9.72,9.60,...,...,...,...,...,...,...,...,...,...,...,...,...,2005, 9.60 ,..., 7.86 
583,Micronesia (Federated States of),...,...,...,...,0.53,...,...,...,...,...,0.31,...,...,...,...,...,...,...,...,...,...,...,...,...,...,...,...,...,...,2000, 0.31 ,..., 2.86 
492,Monaco,0.13,0.12,0.13,0.13,0.12,0.10,0.10,0.09,0.08,0.08,0.07,0.07,0.07,0.07,0.06,0.06,0.03,0.03,0.02,0.02,0.02,0.01,0.01,0.01,0.01,0.02,0.01,0.01,0.01,2018, 0.01 ,-91.55, 0.29 
499,Montenegro,13.95,15.28,12.74,8.21,6.91,3.76,12.02,11.06,13.12,13.45,13.52,11.08,15.38,14.79,14.09,12.50,13.74,11.78,15.35,8.08,27.80,39.73,...,...,...,...,...,...,...,2011, 39.73 ,184.73, 63.54 
504,Morocco,...,...,...,...,295.00,...,...,...,...,...,484.09,...,...,...,...,...,...,...,...,...,576.97,...,635.53,...,...,...,...,...,...,2012, 635.53 ,..., 19.12 
516,Namibia,...,...,...,...,...,...,...,...,...,...,10.90,...,...,...,...,...,...,...,...,...,...,...,...,...,...,...,...,...,...,2000, 10.90 ,..., 6.07 
520,Nauru,...,...,...,...,...,...,...,...,...,...,0.05,...,...,0.03,...,...,...,0.02,...,...,0.18,...,...,...,...,...,...,...,...,2010, 0.18 ,..., 18.39 
524,Nepal,...,...,...,...,...,...,...,...,...,...,76.00,...,...,...,...,...,...,...,...,...,...,...,...,...,...,...,...,...,...,2000, 76.00 ,..., 3.17 
528,Netherlands,187.18,108.09,105.11,102.34,97.79,125.69,18.92,12.07,92.56,86.00,70.59,72.26,65.70,61.26,63.95,62.40,62.65,59.49,50.20,36.92,33.78,33.76,33.95,29.65,29.22,30.36,27.48,26.08,24.51,2018, 24.51 ,-86.91, 1.44 
554,New Zealand,57.06,55.25,60.16,58.54,59.27,62.17,60.87,61.81,61.87,66.25,70.61,74.80,76.39,89.97,86.90,93.43,89.66,81.99,87.28,74.33,73.49,74.07,78.62,75.51,73.57,75.76,69.35,73.67,71.35,2018, 71.35 ,25.05, 15.04 
558,Nicaragua,...,...,...,...,4.59,...,...,...,...,...,0.19,...,...,...,...,...,...,...,...,...,...,...,...,...,...,...,...,...,...,2000, 0.19 ,..., 0.04 
562,Niger,...,...,...,...,...,...,...,...,...,...,"2,140.00",...,...,...,...,...,...,...,"1,929.00",...,...,...,...,...,...,...,...,...,...,2008," 1,929.00 ",..., 126.48 
566,Nigeria,...,...,...,...,...,...,...,...,...,...,190.00,...,...,...,...,...,...,...,...,...,...,...,...,...,...,...,...,...,...,2000, 190.00 ,..., 1.55 
570,Niue,...,...,...,...,2.21,...,...,...,...,...,...,...,...,...,...,0.00,0.00,0.00,0.00,0.00,...,...,...,...,...,...,...,...,...,2009, 0.00 ,..., 0.06 
807,North Macedonia,2.98,2.70,2.38,1.91,1.68,1.99,2.71,2.79,2.90,2.23,2.82,2.53,2.65,255.76,229.61,246.81,257.66,196.07,208.99,205.83,...,...,...,...,...,...,...,...,...,2009, 205.83 ,6799.91, 99.48 
578,Norway,49.73,42.48,37.00,35.55,35.30,34.67,33.74,31.28,30.07,29.46,27.12,25.52,23.09,23.20,24.78,23.29,21.49,19.72,19.96,14.90,18.88,18.78,17.13,17.48,17.43,17.02,15.88,15.36,16.28,2018, 16.28 ,-67.26, 3.05 
512,Oman,...,...,...,...,3.38,...,...,...,...,...,...,...,...,...,...,...,...,...,...,...,...,...,...,...,...,...,...,...,...,1994, 3.38 ,..., 1.57 
585,Palau,...,...,...,...,...,...,...,...,...,...,0.00,...,...,...,...,0.01,...,...,...,...,...,...,...,...,...,...,...,...,...,2005, 0.01 ,..., 0.38 
591,Panama,...,...,...,...,1.85,...,...,...,...,...,0.13,...,...,...,...,...,...,...,...,...,...,...,...,...,...,...,...,...,...,2000, 0.13 ,..., 0.04 
598,Papua New Guinea,...,...,...,...,...,...,...,...,...,...,36.00,...,...,...,...,...,...,...,...,...,...,...,...,...,...,...,...,...,...,2000, 36.00 ,..., 6.16 
600,Paraguay,0.30,...,...,...,0.22,...,...,...,...,...,0.16,...,...,...,...,0.26,...,...,...,...,...,0.26,0.27,...,...,...,...,...,...,2012, 0.27 ,-7.71, 0.04 
604,Peru,...,...,...,...,123.26,...,...,...,...,...,...,...,...,...,...,...,...,...,...,...,...,...,...,...,...,...,...,...,...,1994, 123.26 ,..., 5.17 
608,Philippines,...,...,...,...,458.53,...,...,...,...,...,...,...,...,...,...,...,...,...,...,...,...,...,...,...,...,...,...,...,...,1994, 458.53 ,..., 6.73 
616,Poland,"2,652.31","2,564.39","2,318.19","2,304.07","2,206.79","2,141.02","2,154.76","1,974.72","1,770.44","1,599.28","1,410.65","1,385.83","1,298.32","1,281.14","1,210.01","1,171.17","1,236.17","1,173.80",947.03,811.09,874.44,836.36,802.93,767.99,723.58,711.43,590.66,582.65,…,2017, 582.65 ,-78.03, 15.35 
620,Portugal,317.64,308.02,366.45,309.46,288.00,321.82,262.72,274.89,322.08,330.98,294.82,277.64,276.81,184.91,188.37,189.72,164.95,157.54,104.24,71.91,62.95,56.96,52.23,47.97,43.41,45.63,45.56,47.14,45.17,2018, 45.17 ,-85.78, 4.40 
634,Qatar,...,...,...,...,...,...,...,...,...,...,...,...,...,...,...,...,...,143.92,...,...,...,...,...,...,...,...,...,...,...,2007, 143.92 ,..., 118.12 
498,Republic of Moldova,294.78,256.04,170.02,145.54,102.54,60.94,58.88,33.86,26.90,13.90,9.80,9.32,10.43,12.22,11.13,10.76,10.95,9.03,13.29,17.64,19.97,19.67,18.67,21.86,...,...,...,...,...,2013, 21.86 ,-92.58, 5.37 
642,Romania,798.15,722.97,759.69,694.65,688.68,697.04,707.20,613.05,491.21,438.12,493.87,536.15,510.00,540.04,511.31,602.58,641.42,522.91,529.29,453.43,362.12,340.28,278.03,217.85,191.27,154.43,100.73,85.18,80.03,2018, 80.03 ,-89.97, 4.10 
643,Russian Federation,812.01,735.78,650.60,559.25,458.20,484.19,435.80,443.96,416.66,471.02,516.31,527.45,546.02,566.02,585.82,601.67,619.74,634.39,625.50,590.19,616.77,650.93,682.51,670.44,684.08,684.75,707.43,720.85,739.89,2018, 739.89 ,-8.88, 5.08 
646,Rwanda,...,...,...,...,...,...,...,...,...,...,...,...,...,...,...,18.00,...,...,...,...,...,...,...,...,...,...,...,...,...,2005, 18.00 ,..., 2.04 
662,Saint Lucia,...,...,...,...,0.61,...,...,...,...,...,0.16,...,...,...,...,0.17,...,...,...,...,0.19,...,...,...,...,...,...,...,...,2010, 0.19 ,..., 1.09 
670,Saint Vincent and the Grenadines,0.25,...,...,...,0.29,...,...,0.32,...,...,0.29,...,...,...,0.46,...,...,...,...,...,...,...,...,...,...,...,...,...,...,2004, 0.46 ,79.67, 4.20 
686,Senegal,...,...,...,...,...,...,...,...,...,...,41.96,...,...,...,...,39.63,...,...,...,...,...,...,...,...,...,...,...,...,...,2005, 39.63 ,..., 3.57 
688,Serbia,491.00,...,...,...,...,...,...,...,388.00,...,...,...,...,...,...,...,...,...,...,...,...,...,...,...,...,...,...,...,...,1998, 388.00 ,-20.98, 40.06 
694,Sierra Leone,...,...,...,...,...,...,0.01,0.01,0.01,0.01,0.02,0.03,0.04,0.04,0.05,0.05,...,...,...,...,...,...,...,...,...,...,...,...,...,2005, 0.05 ,..., 0.01 
703,Slovakia,149.16,144.08,141.21,135.74,132.85,129.68,126.37,125.51,125.84,123.16,116.66,122.82,99.11,101.82,93.02,85.98,84.55,68.96,67.58,62.73,67.72,67.05,57.01,51.74,44.47,66.78,26.26,27.87,20.23,2018, 20.23 ,-86.44, 3.71 
705,Slovenia,200.50,185.90,193.00,189.95,183.49,123.43,114.96,118.46,109.21,95.35,92.89,62.47,62.12,59.22,49.63,39.36,16.35,14.24,11.88,9.74,9.65,10.65,10.06,9.00,7.12,4.86,3.95,4.13,4.08,2018, 4.08 ,-97.96, 1.97 
90,Solomon Islands,...,...,...,...,...,...,...,...,...,...,0.27,...,...,...,...,...,...,...,...,...,...,...,...,...,...,...,...,...,...,2000, 0.27 ,..., 0.65 
728,South Sudan,...,...,...,...,...,...,...,...,...,...,...,...,...,...,...,...,...,...,...,...,...,...,7.96,7.45,6.72,7.23,...,...,...,2015, 7.23 ,..., 0.68 
724,Spain,"2,116.56","2,132.59","2,109.31","2,009.38","1,961.42","1,818.95","1,594.48","1,655.28","1,528.36","1,543.89","1,421.84","1,359.01","1,501.81","1,251.07","1,277.56","1,229.32","1,096.88","1,069.96",405.67,306.87,261.02,296.24,299.27,233.46,252.48,269.81,228.25,235.46,212.25,2018, 212.25 ,-89.97, 4.55 
144,Sri Lanka,...,...,...,42.00,45.20,43.00,...,...,...,...,105.87,...,...,...,...,...,...,...,...,...,...,...,...,...,...,...,...,...,...,2000, 105.87 ,..., 5.64 
729,Sudan,...,...,...,...,...,1.00,...,...,...,...,1.00,...,...,...,...,...,...,...,...,...,...,...,...,...,...,...,...,...,...,2000, 1.00 ,..., 0.04 
752,Sweden,103.30,101.70,94.96,84.38,83.06,71.81,70.09,61.10,57.84,47.81,45.34,43.02,43.07,42.72,38.21,37.04,36.76,32.09,29.75,27.31,28.98,26.32,25.74,23.56,20.83,17.78,18.52,17.73,17.38,2018, 17.38 ,-83.18, 1.74 
756,Switzerland,36.63,36.33,33.90,28.98,26.23,26.04,24.59,21.31,22.05,19.16,16.33,17.14,14.92,15.14,14.88,13.90,13.17,11.47,11.59,10.26,10.38,8.35,8.63,7.99,7.29,5.66,5.22,5.03,4.99,2018, 4.99 ,-86.37, 0.59 
762,Tajikistan,34.00,31.00,28.10,25.00,15.00,12.00,8.00,8.00,7.00,8.00,8.00,9.00,9.00,9.00,10.00,10.00,10.00,8.00,10.00,8.00,9.00,...,...,...,...,...,...,...,...,2010, 9.00 ,-73.53, 1.20 
764,Thailand,...,...,...,...,...,...,...,...,...,...,...,...,...,...,...,...,...,...,...,...,...,...,...,573.03,...,...,...,...,...,2013, 573.03 ,..., 8.41 
626,Timor-Leste,...,...,...,...,...,...,...,...,...,...,...,...,...,...,...,...,...,...,...,...,0.40,...,...,...,...,...,...,...,...,2010, 0.40 ,..., 0.37 
768,Togo,...,...,...,...,...,0.13,...,...,...,...,8.35,...,...,...,...,8.26,...,...,...,...,...,...,...,...,...,...,...,...,...,2005, 8.26 ,..., 1.47 
776,Tonga,...,...,...,...,...,...,...,...,...,...,0.11,...,...,...,...,...,0.16,...,...,...,...,...,...,...,...,...,...,...,...,2006, 0.16 ,..., 1.59 
780,Trinidad and Tobago,8.75,...,...,...,...,...,...,...,...,...,...,...,...,...,...,...,...,...,...,...,...,...,...,...,...,...,...,...,...,1990, 8.75 ,0.00, 7.17 
788,Tunisia,...,...,...,...,77.86,...,...,...,...,...,111.29,...,...,...,...,...,...,...,...,...,...,...,...,...,...,...,...,...,...,2000, 111.29 ,..., 11.46 
792,Turkey,"1,687.31","1,778.13","1,814.51","1,699.13","1,757.29","1,843.87","1,976.16","2,148.36","2,183.58","2,096.16","2,237.50","1,978.48","1,867.65","1,786.86","1,777.11","2,000.74","2,157.60","2,520.41","2,555.63","2,659.55","2,554.54","2,634.40","2,699.91","1,936.69","2,146.03","1,947.19","2,250.98","2,360.54","2,524.42",2018," 2,524.42 ",49.61, 30.66 
795,Turkmenistan,...,...,...,...,1.45,...,...,...,...,...,1.76,...,...,...,2.43,...,...,...,...,...,2.72,...,...,...,...,...,...,...,...,2010, 2.72 ,..., 0.54 
798,Tuvalu,...,...,...,...,...,...,...,...,...,...,...,...,...,...,...,...,...,...,...,...,...,...,...,...,0.00,...,...,...,...,2014, 0.00 ,..., 0.08 
800,Uganda,...,...,...,...,...,...,...,...,...,...,4.10,...,...,...,...,...,...,...,...,...,...,...,...,...,...,...,...,...,...,2000, 4.10 ,..., 0.17 
804,Ukraine,"1,652.18","1,362.99","1,268.23","1,228.68","1,041.79",846.69,927.14,862.20,847.57,812.40,734.40,788.41,827.07,803.65,789.43,820.03,949.99,976.10,909.13,830.38,867.13,949.07,994.63,"1,016.02",879.96,750.57,800.81,724.28,787.83,2018, 787.83 ,-52.32, 17.81 
826,United Kingdom of Great Britain and Northern Ireland,"3,780.88","3,609.35","3,553.50","3,215.33","2,760.15","2,467.91","2,111.67","1,740.71","1,714.53","1,330.27","1,298.89","1,208.22","1,087.30","1,059.49",901.47,779.60,736.83,640.66,536.03,437.18,454.07,419.51,464.21,400.18,325.37,254.63,182.09,177.96,162.86,2018, 162.86 ,-95.69, 2.43 
834,United Republic of Tanzania,162.13,...,...,...,175.74,...,...,...,...,...,...,...,...,...,...,...,...,...,...,...,...,...,...,...,...,...,...,...,...,1994, 175.74 ,8.40, 6.10 
840,United States of America,"20,935.45","20,298.46","20,032.79","19,752.47","19,365.09","16,891.16","16,680.03","17,089.76","17,186.37","15,917.26","14,828.95","14,452.30","13,636.82","13,433.48","13,218.91","13,195.59","11,904.47","10,613.36","9,365.31","8,245.48","7,014.41","5,877.38","4,607.59","4,420.73","4,240.14","3,342.30","2,685.06","2,548.00","2,480.97",2018," 2,480.97 ",-88.15, 7.58 
858,Uruguay,43.80,...,...,...,34.90,...,...,...,55.99,...,49.40,...,38.34,...,52.50,...,41.67,...,51.04,...,46.40,...,59.50,...,41.80,...,26.00,24.50,...,2017, 24.50 ,-44.06, 7.13 
860,Uzbekistan,654.19,585.59,463.50,377.14,344.34,341.32,339.73,330.28,294.28,278.43,292.42,249.59,249.94,227.62,216.80,176.05,190.23,160.68,175.67,174.17,163.09,180.19,201.26,...,...,...,...,...,...,2012, 201.26 ,-69.23, 6.83 
548,Vanuatu,...,...,...,...,...,...,...,...,...,...,0.00,...,...,...,...,...,...,...,...,...,...,...,...,...,...,...,...,...,...,2000, 0.00 ,..., 0.01 
704,Viet Nam,...,...,...,...,"1,911.10",...,...,...,...,...,9.86,...,...,...,...,...,...,...,...,...,...,...,...,…,...,...,...,...,...,2000, 9.86 ,..., 0.12 
887,Yemen,...,...,...,...,...,7.69,...,...,...,...,12.00,...,...,...,...,...,...,...,...,...,515.00,...,4.12,...,...,...,...,...,...,2012, 4.12 ,..., 0.17 
894,Zambia,...,...,...,...,6.42,...,...,...,...,...,6.16,...,...,...,...,...,...,...,...,...,...,...,...,...,...,...,...,...,...,2000, 6.16 ,..., 0.59 
716,Zimbabwe,...,...,...,...,...,...,...,...,...,...,1.04,...,...,...,...,...,1.63,...,...,...,...,...,...,...,...,...,...,...,...,2006, 1.63 ,..., 0.13 
,,,,,,,,,,,,,,,,,,,,,,,,,,,,,,,,,,
